geoid,total_population,median_household_income,median_gross_rent,poverty_below,poverty_universe_total,bachelor_degree_count,education_universe_total,vacant_housing_units,total_housing_units
06075010101,2118.0,78661.0,1914.0,257.0,2118.0,785.0,1729.0,166.0,1398.0
06075010102,1783.0,,,311.0,1783.0,178.0,1300.0,139.0,1009.0
06075010201,2499.0,159647.0,3044.0,143.0,2499.0,880.0,2159.0,243.0,1568.0
06075010202,1891.0,192500.0,2553.0,105.0,1891.0,862.0,1713.0,389.0,1419.0
06075010300,3996.0,136643.0,2240.0,168.0,3996.0,1570.0,3674.0,376.0,2527.0
06075010401,2202.0,115170.0,2597.0,243.0,2202.0,653.0,1671.0,299.0,1292.0
06075010402,2292.0,176192.0,2342.0,91.0,2292.0,877.0,1943.0,278.0,1589.0
06075010500,3430.0,155769.0,2678.0,492.0,3430.0,867.0,2851.0,241.0,2051.0
06075010600,3277.0,68235.0,1585.0,453.0,3277.0,901.0,2761.0,410.0,2202.0
06075010701,3458.0,22345.0,703.0,887.0,3458.0,242.0,3100.0,231.0,2026.0
06075010702,1584.0,73542.0,1495.0,224.0,1584.0,325.0,1315.0,122.0,844.0
06075010800,4999.0,133958.0,2040.0,492.0,4999.0,1912.0,4649.0,485.0,2957.0
06075010901,1948.0,154767.0,3050.0,127.0,1948.0,726.0,1682.0,215.0,1191.0
06075010902,2403.0,126334.0,2627.0,217.0,2403.0,945.0,2157.0,201.0,1524.0
06075011001,2628.0,117011.0,1748.0,298.0,2628.0,884.0,2320.0,257.0,1633.0
06075011002,2249.0,128661.0,2244.0,208.0,2249.0,860.0,2054.0,234.0,1460.0
06075011101,2528.0,112162.0,1991.0,239.0,2528.0,816.0,2222.0,252.0,1756.0
06075011102,2024.0,100707.0,1785.0,289.0,1981.0,596.0,1860.0,355.0,1719.0
06075011200,3120.0,146951.0,2503.0,258.0,3120.0,932.0,2610.0,499.0,2235.0
06075011300,2801.0,36382.0,1010.0,747.0,2760.0,434.0,2347.0,286.0,1613.0
06075011700,1800.0,78558.0,1287.0,347.0,1746.0,564.0,1544.0,331.0,1374.0
06075011800,1658.0,40321.0,1032.0,430.0,1658.0,269.0,1458.0,103.0,820.0
06075011901,2298.0,109934.0,2086.0,186.0,2056.0,816.0,1947.0,320.0,1645.0
06075011902,2771.0,76156.0,1756.0,227.0,2771.0,857.0,2395.0,398.0,2033.0
06075012001,1834.0,68811.0,1673.0,195.0,1802.0,594.0,1603.0,306.0,1438.0
06075012002,2202.0,63016.0,1767.0,436.0,2202.0,880.0,1894.0,237.0,1510.0
06075012100,3846.0,89063.0,1965.0,425.0,3352.0,1461.0,2966.0,329.0,2604.0
06075012202,2821.0,43750.0,1272.0,786.0,2821.0,768.0,2523.0,98.0,1663.0
06075012203,1834.0,,1032.0,845.0,1764.0,343.0,1526.0,112.0,1234.0
06075012204,2763.0,58004.0,2044.0,419.0,2763.0,799.0,2384.0,337.0,1992.0
06075012301,1887.0,26406.0,927.0,593.0,1887.0,327.0,1683.0,410.0,1675.0
06075012302,2600.0,47807.0,1568.0,544.0,2600.0,662.0,2250.0,353.0,2259.0
06075012403,2591.0,37800.0,953.0,506.0,2591.0,484.0,2028.0,72.0,1340.0
06075012404,2566.0,25865.0,906.0,701.0,2566.0,297.0,2186.0,367.0,1966.0
06075012405,3817.0,116612.0,1910.0,452.0,3524.0,1503.0,3204.0,143.0,2526.0
06075012406,1463.0,30972.0,921.0,301.0,1463.0,237.0,1244.0,93.0,1081.0
06075012502,4371.0,25754.0,556.0,903.0,4188.0,306.0,3437.0,197.0,2367.0
06075012503,3788.0,35033.0,1060.0,849.0,3708.0,564.0,2770.0,421.0,2231.0
06075012504,617.0,22671.0,309.0,156.0,617.0,80.0,581.0,167.0,569.0
06075012601,2241.0,165893.0,2964.0,106.0,2241.0,1030.0,1878.0,175.0,1550.0
06075012602,2977.0,173043.0,3117.0,197.0,2977.0,1344.0,2369.0,253.0,1657.0
06075012700,4046.0,216689.0,2988.0,238.0,4046.0,1768.0,3623.0,220.0,2381.0
06075012801,2791.0,219784.0,2420.0,32.0,2791.0,1017.0,2079.0,156.0,1439.0
06075012802,2012.0,250001.0,3186.0,78.0,2012.0,1000.0,1560.0,113.0,995.0
06075012901,2823.0,205375.0,2850.0,84.0,2813.0,1189.0,2304.0,268.0,1664.0
06075012902,3545.0,178542.0,2367.0,59.0,3471.0,1582.0,2886.0,86.0,2028.0
06075013001,1758.0,170250.0,2874.0,149.0,1758.0,956.0,1430.0,333.0,1227.0
06075013002,2800.0,192742.0,3183.0,207.0,2800.0,1349.0,2176.0,268.0,1490.0
06075013101,4088.0,211765.0,3066.0,187.0,3967.0,1642.0,3341.0,457.0,2759.0
06075013102,2951.0,224125.0,2794.0,169.0,2906.0,1029.0,2401.0,421.0,1961.0
06075013200,4456.0,199412.0,3501.0,191.0,4431.0,1634.0,3635.0,342.0,2648.0
06075013300,4483.0,169392.0,2076.0,395.0,4456.0,1470.0,3281.0,285.0,2275.0
06075013401,1516.0,183562.0,2457.0,70.0,1476.0,513.0,1320.0,281.0,1071.0
06075013402,2239.0,175188.0,1909.0,47.0,2239.0,884.0,1897.0,97.0,1282.0
06075013500,2449.0,157344.0,2616.0,128.0,2449.0,1008.0,2110.0,348.0,1943.0
06075015100,2817.0,135859.0,2594.0,245.0,2799.0,1229.0,2683.0,402.0,2091.0
06075015201,1713.0,74080.0,2036.0,285.0,1713.0,519.0,1535.0,190.0,1261.0
06075015202,2277.0,142098.0,2310.0,168.0,2195.0,610.0,2015.0,177.0,1210.0
06075015300,2206.0,163286.0,2608.0,139.0,2099.0,1053.0,1952.0,68.0,1096.0
06075015401,3349.0,121250.0,2461.0,222.0,3342.0,1569.0,2911.0,108.0,1906.0
06075015402,2643.0,195078.0,2842.0,12.0,2643.0,900.0,2044.0,108.0,1371.0
06075015500,3666.0,90938.0,1695.0,531.0,3627.0,1215.0,3272.0,150.0,2459.0
06075015600,2923.0,78750.0,1683.0,414.0,2923.0,991.0,2341.0,191.0,1641.0
06075015701,5327.0,126754.0,2469.0,341.0,3241.0,1300.0,2548.0,55.0,1245.0
06075015702,3435.0,194231.0,2279.0,67.0,3420.0,1288.0,2777.0,132.0,1474.0
06075015801,3406.0,108447.0,1928.0,609.0,3406.0,897.0,2694.0,221.0,1676.0
06075015802,3589.0,138906.0,2150.0,529.0,3589.0,1478.0,3055.0,126.0,1873.0
06075015900,4829.0,115635.0,1753.0,663.0,4761.0,1574.0,3600.0,199.0,2319.0
06075016000,2498.0,119219.0,2066.0,416.0,2498.0,660.0,2371.0,361.0,2164.0
06075016101,2295.0,23750.0,,689.0,2285.0,538.0,2029.0,140.0,1714.0
06075016102,2555.0,22542.0,1005.0,1065.0,2555.0,246.0,1920.0,201.0,1272.0
06075016200,3365.0,147429.0,2371.0,342.0,3365.0,1069.0,2968.0,562.0,2408.0
06075016300,4423.0,122141.0,1924.0,409.0,4313.0,1371.0,3486.0,165.0,2242.0
06075016400,4262.0,185357.0,2828.0,309.0,4074.0,1666.0,3478.0,271.0,1997.0
06075016500,5279.0,161974.0,2287.0,589.0,5067.0,2055.0,4553.0,256.0,2452.0
06075016601,3180.0,164938.0,2909.0,333.0,3180.0,1456.0,2644.0,87.0,1521.0
06075016602,2498.0,193073.0,2841.0,154.0,2498.0,1352.0,2249.0,194.0,1209.0
06075016700,5427.0,218466.0,2674.0,229.0,5404.0,2058.0,4510.0,192.0,2569.0
06075016801,4243.0,175658.0,2544.0,320.0,4219.0,1655.0,3619.0,205.0,2267.0
06075016802,3709.0,88210.0,1785.0,426.0,3661.0,1074.0,3077.0,234.0,2277.0
06075016900,3132.0,138542.0,2290.0,262.0,3111.0,1146.0,2690.0,101.0,1766.0
06075017000,4375.0,229476.0,2394.0,158.0,4375.0,1794.0,3889.0,286.0,2534.0
06075017101,4249.0,182663.0,2482.0,198.0,4058.0,1453.0,3268.0,286.0,2043.0
06075017102,3671.0,174375.0,2457.0,236.0,3644.0,1093.0,2773.0,165.0,1732.0
06075017602,3218.0,52668.0,1295.0,526.0,3218.0,805.0,2720.0,194.0,1837.0
06075017603,4509.0,74389.0,1483.0,795.0,4452.0,1186.0,3490.0,429.0,2709.0
06075017604,2856.0,108004.0,1609.0,269.0,2856.0,766.0,2490.0,471.0,2466.0
06075017700,1989.0,147986.0,2651.0,96.0,1975.0,635.0,1632.0,190.0,973.0
06075017801,3636.0,30030.0,474.0,791.0,3636.0,829.0,3410.0,226.0,2618.0
06075017803,2507.0,,1700.0,385.0,2458.0,662.0,2044.0,240.0,1326.0
06075017804,4474.0,125475.0,1980.0,486.0,4461.0,1661.0,3513.0,375.0,2468.0
06075017903,3185.0,83077.0,2301.0,1309.0,3109.0,574.0,1849.0,29.0,679.0
06075018000,3772.0,170536.0,2720.0,655.0,3573.0,1033.0,3090.0,315.0,1894.0
06075020101,3550.0,98678.0,2085.0,406.0,3550.0,1337.0,3148.0,190.0,1957.0
06075020102,2941.0,,,575.0,2941.0,701.0,2721.0,457.0,1800.0
06075020201,2168.0,121723.0,2054.0,231.0,2168.0,917.0,1986.0,55.0,1270.0
06075020202,4132.0,135450.0,2060.0,1193.0,4132.0,1716.0,3363.0,300.0,2307.0
06075020300,3521.0,181364.0,2269.0,248.0,3513.0,1443.0,3204.0,274.0,2414.0
06075020401,3303.0,161103.0,3001.0,106.0,3303.0,1216.0,2809.0,308.0,1919.0
06075020402,4419.0,138456.0,2423.0,367.0,4419.0,1801.0,4049.0,212.0,2723.0
06075020500,2973.0,237344.0,2098.0,140.0,2925.0,807.0,2447.0,117.0,1437.0
06075020601,3132.0,147091.0,1914.0,176.0,3132.0,1010.0,2750.0,68.0,1541.0
06075020602,2487.0,154792.0,2986.0,233.0,2487.0,914.0,2149.0,91.0,1390.0
06075020701,3073.0,231892.0,3082.0,239.0,3073.0,1202.0,2641.0,319.0,1649.0
06075020702,2228.0,128250.0,2127.0,257.0,2228.0,847.0,1918.0,116.0,1302.0
06075020801,3629.0,90779.0,1411.0,370.0,3629.0,1059.0,2777.0,165.0,1629.0
06075020802,2604.0,107674.0,1976.0,290.0,2604.0,747.0,1954.0,35.0,1144.0
06075020900,4402.0,119405.0,2315.0,934.0,4402.0,1365.0,3604.0,184.0,1896.0
06075021000,4051.0,160341.0,2343.0,255.0,4051.0,1418.0,3413.0,475.0,2328.0
06075021100,3960.0,207344.0,2749.0,157.0,3960.0,1306.0,3324.0,145.0,2126.0
06075021200,3017.0,178333.0,2253.0,49.0,3007.0,859.0,2483.0,154.0,1584.0
06075021300,2692.0,168944.0,2724.0,105.0,2692.0,1048.0,2220.0,118.0,1325.0
06075021400,3641.0,194167.0,2637.0,279.0,3641.0,1123.0,2998.0,68.0,1848.0
06075021500,5622.0,235929.0,2684.0,266.0,5622.0,1502.0,4505.0,307.0,2708.0
06075021600,4189.0,210313.0,2848.0,66.0,4189.0,1288.0,3446.0,170.0,2149.0
06075021700,4512.0,146285.0,1689.0,256.0,4471.0,1172.0,3226.0,126.0,1929.0
06075021800,4218.0,191920.0,2487.0,217.0,4218.0,1156.0,3211.0,102.0,1898.0
06075022600,3570.0,227782.0,3417.0,34.0,3570.0,1103.0,3059.0,273.0,2173.0
06075022702,2218.0,221061.0,3058.0,167.0,2218.0,1008.0,1898.0,22.0,1082.0
06075022704,3565.0,247031.0,3301.0,212.0,3557.0,1244.0,2910.0,229.0,1842.0
06075022801,5068.0,158750.0,2047.0,668.0,5057.0,1298.0,4012.0,242.0,1958.0
06075022802,2384.0,113958.0,2374.0,282.0,2020.0,583.0,1981.0,64.0,807.0
06075022803,4903.0,151597.0,2339.0,613.0,4878.0,1123.0,3629.0,133.0,1586.0
06075022901,4573.0,89286.0,2048.0,483.0,4573.0,1094.0,3446.0,58.0,1500.0
06075022902,2233.0,173750.0,2000.0,166.0,2222.0,583.0,1882.0,111.0,847.0
06075022903,3090.0,148500.0,2830.0,170.0,3021.0,848.0,2412.0,171.0,1211.0
06075023001,5309.0,79091.0,2201.0,896.0,5296.0,836.0,3818.0,41.0,1291.0
06075023003,4195.0,133458.0,2045.0,236.0,4195.0,925.0,3198.0,59.0,1302.0
06075023102,3707.0,41434.0,,1148.0,3707.0,317.0,2327.0,63.0,1201.0
06075023103,4064.0,27946.0,802.0,1405.0,4064.0,96.0,1977.0,183.0,1491.0
06075023200,3857.0,107833.0,1471.0,296.0,3824.0,681.0,3093.0,241.0,1385.0
06075023300,3930.0,67279.0,1159.0,793.0,3909.0,506.0,2934.0,55.0,1348.0
06075023400,4148.0,74871.0,904.0,788.0,4051.0,287.0,2879.0,63.0,1149.0
06075025100,3384.0,151429.0,1795.0,417.0,3384.0,955.0,2697.0,163.0,1417.0
06075025200,5505.0,145000.0,2037.0,641.0,5505.0,1273.0,4346.0,290.0,2624.0
06075025300,4441.0,156741.0,1985.0,166.0,4404.0,1124.0,3747.0,309.0,2012.0
06075025401,3781.0,154583.0,2548.0,115.0,3781.0,1060.0,2711.0,24.0,1381.0
06075025402,3522.0,167300.0,1732.0,187.0,3522.0,966.0,2871.0,51.0,1139.0
06075025403,4692.0,146354.0,2544.0,313.0,4619.0,836.0,3551.0,115.0,1467.0
06075025501,4443.0,126821.0,1734.0,386.0,4321.0,1132.0,3306.0,13.0,1194.0
06075025502,4428.0,166486.0,2938.0,424.0,4404.0,943.0,3441.0,67.0,1349.0
06075025600,5158.0,115000.0,2243.0,167.0,4951.0,895.0,3852.0,137.0,1671.0
06075025701,5424.0,111333.0,2083.0,465.0,5355.0,771.0,4076.0,26.0,1606.0
06075025702,3979.0,97717.0,1862.0,358.0,3974.0,488.0,3198.0,57.0,1287.0
06075025800,2153.0,80682.0,1707.0,220.0,2153.0,257.0,1674.0,37.0,685.0
06075025900,4409.0,128676.0,2671.0,406.0,4409.0,908.0,3426.0,89.0,1501.0
06075026001,6463.0,104406.0,2013.0,743.0,6427.0,1265.0,4951.0,43.0,1902.0
06075026002,3660.0,126615.0,2647.0,417.0,3233.0,805.0,2903.0,99.0,1050.0
06075026003,5085.0,96563.0,1781.0,348.0,4966.0,1020.0,3756.0,18.0,1448.0
06075026004,4107.0,103152.0,2117.0,495.0,4075.0,571.0,2921.0,121.0,1287.0
06075026100,7566.0,108544.0,1687.0,874.0,7539.0,1358.0,6101.0,75.0,2169.0
06075026201,3825.0,115417.0,1826.0,337.0,3791.0,551.0,3008.0,85.0,1056.0
06075026202,3839.0,113403.0,2153.0,162.0,3839.0,630.0,3247.0,8.0,1056.0
06075026301,5724.0,98375.0,1767.0,817.0,5690.0,891.0,4544.0,51.0,1430.0
06075026302,5142.0,87228.0,1800.0,479.0,5114.0,666.0,4028.0,89.0,1627.0
06075026303,4818.0,76210.0,2037.0,351.0,4746.0,954.0,3713.0,50.0,1400.0
06075026401,3444.0,71042.0,1590.0,442.0,3444.0,338.0,2495.0,28.0,1039.0
06075026402,5056.0,115117.0,2655.0,486.0,5031.0,1107.0,3995.0,40.0,1347.0
06075026403,3801.0,74792.0,1615.0,407.0,3752.0,467.0,3116.0,56.0,1206.0
06075026404,2760.0,76000.0,1368.0,333.0,2750.0,390.0,2068.0,0.0,692.0
06075030101,5062.0,135791.0,2606.0,602.0,4898.0,2041.0,4085.0,177.0,2206.0
06075030102,4731.0,183272.0,3149.0,343.0,4138.0,1406.0,3680.0,163.0,2212.0
06075030201,4262.0,115898.0,2208.0,690.0,4262.0,1289.0,3418.0,78.0,2099.0
06075030202,4013.0,121831.0,2278.0,227.0,4013.0,1406.0,3359.0,305.0,2320.0
06075030301,6074.0,161495.0,2888.0,244.0,6010.0,2099.0,5077.0,267.0,2734.0
06075030302,3928.0,176364.0,2894.0,279.0,3918.0,1329.0,3143.0,71.0,1463.0
06075030400,5088.0,127632.0,2404.0,159.0,5081.0,1561.0,4185.0,114.0,2298.0
06075030500,3676.0,162218.0,2427.0,340.0,2763.0,772.0,2938.0,51.0,1072.0
06075030600,2514.0,200625.0,3150.0,67.0,2514.0,773.0,1945.0,14.0,923.0
06075030700,6959.0,172417.0,3501.0,181.0,6959.0,1784.0,5217.0,130.0,2811.0
06075030800,6041.0,171250.0,2931.0,311.0,6010.0,2132.0,4756.0,150.0,2268.0
06075030900,6767.0,166757.0,3501.0,303.0,6743.0,1871.0,5053.0,197.0,2547.0
06075031000,4089.0,166528.0,3064.0,279.0,4089.0,1100.0,3259.0,102.0,1603.0
06075031100,6295.0,162348.0,2941.0,171.0,6295.0,1800.0,4923.0,71.0,2458.0
06075031201,6522.0,87827.0,1831.0,798.0,6494.0,1335.0,4855.0,33.0,1910.0
06075031202,3239.0,127981.0,2413.0,237.0,3203.0,629.0,2408.0,34.0,869.0
06075031301,3866.0,94740.0,2037.0,378.0,3866.0,874.0,3149.0,44.0,1639.0
06075031302,5503.0,113304.0,3022.0,600.0,5469.0,1329.0,4387.0,118.0,1947.0
06075031401,2378.0,91806.0,2944.0,131.0,2378.0,378.0,1822.0,137.0,698.0
06075031402,4788.0,127351.0,2165.0,360.0,4717.0,767.0,3521.0,49.0,1311.0
06075032601,4874.0,125313.0,2205.0,566.0,4874.0,1496.0,3933.0,114.0,1876.0
06075032602,4505.0,130431.0,2550.0,300.0,4505.0,1461.0,3662.0,102.0,1692.0
06075032700,6932.0,146131.0,2040.0,327.0,6841.0,2204.0,5645.0,183.0,2684.0
06075032801,4042.0,124840.0,2537.0,169.0,3920.0,1209.0,3403.0,76.0,1467.0
06075032802,4624.0,118542.0,2310.0,498.0,4594.0,1401.0,3734.0,29.0,1536.0
06075032901,5360.0,139526.0,2287.0,208.0,5341.0,1480.0,3933.0,113.0,1716.0
06075032902,4103.0,101719.0,3309.0,406.0,4059.0,1152.0,3393.0,114.0,1501.0
06075033001,4200.0,128464.0,2443.0,316.0,4183.0,1737.0,3602.0,61.0,1432.0
06075033002,4227.0,202737.0,2726.0,133.0,4167.0,1312.0,3303.0,0.0,1537.0
06075033100,3948.0,150500.0,3501.0,146.0,3884.0,1120.0,2893.0,126.0,1488.0
06075033201,4262.0,58750.0,2275.0,590.0,1705.0,345.0,957.0,138.0,742.0
06075033203,3320.0,54854.0,2306.0,592.0,3320.0,695.0,2310.0,206.0,1798.0
06075033204,4402.0,99205.0,2231.0,914.0,4402.0,1258.0,3218.0,217.0,1956.0
06075035101,4035.0,113000.0,2556.0,560.0,3979.0,1145.0,2936.0,123.0,1679.0
06075035102,4760.0,168897.0,2704.0,136.0,4760.0,1218.0,3513.0,20.0,1348.0
06075035201,5497.0,118902.0,2070.0,466.0,5497.0,1299.0,4385.0,74.0,1916.0
06075035202,4796.0,93622.0,2097.0,271.0,4796.0,1417.0,3932.0,70.0,1893.0
06075035300,7537.0,133947.0,2815.0,302.0,7537.0,1915.0,5942.0,254.0,2886.0
06075035400,7769.0,122050.0,2767.0,791.0,7769.0,2074.0,5909.0,26.0,2443.0
06075040100,4342.0,132976.0,2043.0,304.0,4302.0,1429.0,3527.0,260.0,1992.0
06075040200,5460.0,140227.0,2420.0,221.0,5460.0,1976.0,4332.0,190.0,2594.0
06075042601,4261.0,101806.0,1889.0,545.0,4261.0,1177.0,3311.0,281.0,1984.0
06075042602,2615.0,147708.0,2208.0,125.0,2615.0,833.0,2152.0,267.0,1530.0
06075042700,5361.0,106387.0,1864.0,661.0,5361.0,1578.0,4242.0,200.0,2723.0
06075042800,2501.0,235588.0,2439.0,59.0,2501.0,644.0,1796.0,137.0,1039.0
06075045100,5209.0,175237.0,2458.0,351.0,5099.0,1641.0,4023.0,149.0,2166.0
06075045201,3360.0,164583.0,2554.0,85.0,3349.0,1332.0,2689.0,15.0,1345.0
06075045202,3396.0,143164.0,2330.0,380.0,3396.0,947.0,2611.0,121.0,1588.0
06075047600,5145.0,141544.0,2643.0,138.0,5145.0,1665.0,4045.0,254.0,2625.0
06075047701,4978.0,106705.0,1741.0,496.0,4978.0,1844.0,3598.0,93.0,2153.0
06075047702,3541.0,103455.0,1933.0,346.0,3526.0,1142.0,2862.0,143.0,1723.0
06075047801,4550.0,145568.0,2305.0,269.0,4533.0,1514.0,3546.0,64.0,1816.0
06075047802,3781.0,101722.0,1998.0,454.0,3781.0,908.0,2580.0,149.0,1566.0
06075047902,3610.0,132583.0,2063.0,164.0,3610.0,984.0,3122.0,146.0,1694.0
06075047903,4283.0,135757.0,2222.0,587.0,4283.0,1170.0,3173.0,63.0,1532.0
06075047904,3111.0,79514.0,1956.0,510.0,3105.0,775.0,2437.0,123.0,1512.0
06075060100,4231.0,218898.0,3501.0,141.0,4231.0,1402.0,2885.0,28.0,1379.0
06075060400,1595.0,80733.0,1888.0,91.0,1595.0,482.0,1311.0,114.0,997.0
06075060502,3539.0,34896.0,559.0,1013.0,3503.0,324.0,2139.0,59.0,1056.0
06075060701,7621.0,165718.0,2733.0,751.0,7505.0,1202.0,6168.0,331.0,3448.0
06075060702,1488.0,,2510.0,162.0,1488.0,465.0,1232.0,201.0,1096.0
06075060703,5787.0,183168.0,3308.0,228.0,5533.0,1749.0,4176.0,157.0,2799.0
06075061000,4825.0,89125.0,2205.0,371.0,4825.0,845.0,3553.0,71.0,1809.0
06075061101,1856.0,17146.0,599.0,697.0,1856.0,174.0,1391.0,173.0,1102.0
06075061102,2341.0,24656.0,676.0,797.0,2341.0,257.0,1828.0,69.0,1062.0
06075061200,3952.0,89063.0,1263.0,548.0,3947.0,502.0,3075.0,161.0,1309.0
06075061401,3199.0,149396.0,2070.0,380.0,3199.0,1162.0,2582.0,118.0,1655.0
06075061402,2537.0,160823.0,3501.0,160.0,2537.0,924.0,2042.0,114.0,1291.0
06075061501,1837.0,250001.0,,256.0,1837.0,818.0,1703.0,749.0,1849.0
06075061502,1774.0,106165.0,2597.0,140.0,1774.0,567.0,1513.0,492.0,1739.0
06075061503,3400.0,204620.0,2983.0,834.0,3400.0,1513.0,2626.0,491.0,1983.0
06075061504,1443.0,241230.0,3279.0,0.0,1304.0,174.0,1068.0,416.0,1207.0
06075061505,776.0,249901.0,,0.0,776.0,311.0,742.0,267.0,674.0
06075061506,4422.0,250001.0,3501.0,141.0,4422.0,1866.0,4224.0,194.0,2764.0
06075061507,1940.0,93466.0,2563.0,332.0,1940.0,190.0,1259.0,44.0,728.0
06075061508,2006.0,,2995.0,243.0,2006.0,362.0,1668.0,532.0,1479.0
06075980200,171.0,,,0.0,0.0,30.0,171.0,0.0,0.0
06075980300,25.0,149688.0,2694.0,0.0,25.0,10.0,25.0,0.0,17.0
06075980401,0.0,,,0.0,0.0,0.0,0.0,0.0,0.0
06075980501,104.0,11316.0,276.0,94.0,104.0,0.0,104.0,0.0,99.0
06075980600,970.0,120268.0,1429.0,59.0,970.0,144.0,659.0,79.0,484.0
06075980900,296.0,137750.0,3058.0,63.0,296.0,112.0,234.0,50.0,177.0
06075990100,0.0,,,0.0,0.0,0.0,0.0,0.0,0.0
06075990200,0.0,,,0.0,0.0,0.0,0.0,0.0,0.0
