geoid,neighborhood
06075980900,Bayview Hunters Point
06075980600,Bayview Hunters Point
06075980501,Mclaren Park
06075980401,The Farallones
06075061200,Bayview Hunters Point
06075061102,Chinatown
06075061101,Chinatown
06075061000,Bayview Hunters Point
06075980300,Golden Gate Park
06075047600,Outer Richmond
06075045202,Inner Richmond
06075045201,Inner Richmond
06075045100,Inner Richmond
06075061507,Financial District/South Beach
06075980200,Lincoln Park
06075061508,Financial District/South Beach
06075061506,Financial District/South Beach
06075061505,Financial District/South Beach
06075061504,Financial District/South Beach
06075061503,Financial District/South Beach
06075061502,Financial District/South Beach
06075060703,Mission Bay
06075060702,Mission Bay
06075061402,Potrero Hill
06075060701,Mission Bay
06075060502,Visitacion Valley
06075035300,Sunset/Parkside
06075060400,Lakeshore
06075061401,Potrero Hill
06075035202,Sunset/Parkside
06075035201,Sunset/Parkside
06075012002,Nob Hill
06075047904,Outer Richmond
06075060100,Presidio
06075047801,Outer Richmond
06075042800,Seacliff
06075042602,Outer Richmond
06075042601,Outer Richmond
06075040200,Inner Richmond
06075040100,Inner Richmond
06075035102,Sunset/Parkside
06075035101,Sunset/Parkside
06075023003,Bayview Hunters Point
06075035400,Sunset/Parkside
06075047903,Outer Richmond
06075047902,Outer Richmond
06075042700,Outer Richmond
06075032601,Sunset/Parkside
06075033204,Lakeshore
06075033203,Lakeshore
06075033201,Lakeshore
06075047701,Outer Richmond
06075033100,Sunset/Parkside
06075031202,Oceanview/Merced/Ingleside
06075033002,Sunset/Parkside
06075033001,Sunset/Parkside
06075047802,Outer Richmond
06075032801,Sunset/Parkside
06075032700,Sunset/Parkside
06075031201,Oceanview/Merced/Ingleside
06075030400,West Of Twin Peaks
06075031100,West Of Twin Peaks
06075031000,West Of Twin Peaks
06075030900,West Of Twin Peaks
06075032602,Sunset/Parkside
06075017801,South Of Market
06075030800,West Of Twin Peaks
06075030700,West Of Twin Peaks
06075031402,Oceanview/Merced/Ingleside
06075031401,Oceanview/Merced/Ingleside
06075030101,Inner Sunset
06075030600,West Of Twin Peaks
06075031301,Oceanview/Merced/Ingleside
06075030500,Twin Peaks
06075031302,Oceanview/Merced/Ingleside
06075012403,Tenderloin
06075030302,Inner Sunset
06075030301,Inner Sunset
06075030202,Inner Sunset
06075030201,Inner Sunset
06075047702,Outer Richmond
06075030102,Inner Sunset
06075026404,Visitacion Valley
06075026403,Visitacion Valley
06075061501,Financial District/South Beach
06075026402,Visitacion Valley
06075026401,Visitacion Valley
06075026303,Excelsior
06075026302,Excelsior
06075021500,Noe Valley
06075026301,Excelsior
06075026201,Outer Mission
06075026100,Outer Mission
06075026002,Excelsior
06075026001,Excelsior
06075025900,Portola
06075025800,Portola
06075025702,Portola
06075032901,Sunset/Parkside
06075025701,Portola
06075032902,Sunset/Parkside
06075026004,Excelsior
06075025600,Excelsior
06075025502,Outer Mission
06075026202,Outer Mission
06075025501,Outer Mission
06075025403,Bernal Heights
06075032802,Sunset/Parkside
06075025402,Bernal Heights
06075025401,Bernal Heights
06075025300,Bernal Heights
06075025200,Bernal Heights
06075025100,Bernal Heights
06075026003,Excelsior
06075023300,Bayview Hunters Point
06075023200,Bayview Hunters Point
06075023103,Bayview Hunters Point
06075023102,Bayview Hunters Point
06075012302,Tenderloin
06075022903,Mission
06075022902,Mission
06075022901,Mission
06075022803,Mission
06075022801,Mission
06075022702,Potrero Hill
06075022600,Potrero Hill
06075021800,Glen Park
06075023001,Bayview Hunters Point
06075021400,Noe Valley
06075021700,Glen Park
06075022704,Potrero Hill
06075022802,Mission
06075021600,Noe Valley
06075020701,Mission
06075021300,Noe Valley
06075021200,Noe Valley
06075021100,Noe Valley
06075020801,Mission
06075018000,South Of Market
06075020500,Castro/Upper Market
06075020101,Mission
06075017804,South Of Market
06075017803,South Of Market
06075017903,Treasure Island
06075021000,Mission
06075020900,Mission
06075020702,Mission
06075020402,Twin Peaks
06075020401,Castro/Upper Market
06075020602,Castro/Upper Market
06075020300,Castro/Upper Market
06075020202,Mission
06075020201,Mission
06075020102,Mission
06075017700,Mission
06075020601,Castro/Upper Market
06075017604,South Of Market
06075017603,South Of Market
06075017602,South Of Market
06075017102,Haight Ashbury
06075017101,Haight Ashbury
06075017000,Castro/Upper Market
06075020802,Mission
06075016900,Castro/Upper Market
06075016802,Hayes Valley
06075016801,Hayes Valley
06075016700,Haight Ashbury
06075016601,Haight Ashbury
06075016500,Lone Mountain/Usf
06075016400,Hayes Valley
06075016300,Hayes Valley
06075016200,Hayes Valley
06075016102,Western Addition
06075016101,Western Addition
06075016000,Western Addition
06075015900,Western Addition
06075015802,Western Addition
06075015801,Western Addition
06075015702,Lone Mountain/Usf
06075016602,Haight Ashbury
06075015701,Lone Mountain/Usf
06075015600,Lone Mountain/Usf
06075015500,Japantown
06075015402,Presidio Heights
06075015401,Presidio Heights
06075015300,Pacific Heights
06075015201,Pacific Heights
06075015100,Western Addition
06075013500,Pacific Heights
06075013402,Pacific Heights
06075013401,Pacific Heights
06075013300,Presidio Heights
06075013200,Pacific Heights
06075013102,Pacific Heights
06075013101,Pacific Heights
06075013002,Marina
06075013001,Marina
06075012902,Marina
06075015202,Pacific Heights
06075012901,Marina
06075012802,Marina
06075012801,Marina
06075012602,Marina
06075012601,Marina
06075012504,Tenderloin
06075012503,Tenderloin
06075012502,Tenderloin
06075012406,Tenderloin
06075012405,Tenderloin
06075012404,Tenderloin
06075012301,Tenderloin
06075012700,Marina
06075012001,Nob Hill
06075011902,Nob Hill
06075011901,Nob Hill
06075011800,Chinatown
06075011700,Financial District/South Beach
06075011300,Chinatown
06075011200,Nob Hill
06075011102,Nob Hill
06075011101,Nob Hill
06075011002,Russian Hill
06075011001,Russian Hill
06075010902,Russian Hill
06075010300,Russian Hill
06075010202,Russian Hill
06075010201,Russian Hill
06075010102,North Beach
06075010101,North Beach
06075010701,Chinatown
06075010600,North Beach
06075010500,Financial District/South Beach
06075010402,North Beach
06075010800,Nob Hill
06075012203,Tenderloin
06075012202,Tenderloin
06075012100,Nob Hill
06075010901,Russian Hill
06075010702,Chinatown
06075010401,North Beach
06075012204,Tenderloin
06075023400,Bayview Hunters Point
