incident_number;incident_date;alarm_dttm;arrival_dttm;neighborhood_district;battalion;primary_situation;suppression_units;suppression_personnel;ems_units;number_of_alarms;civilian_fatalities;civilian_injuries;no_flame_spread;estimated_property_loss;response_time_min;year;month;hour;weekday;is_weekend;is_night;neighborhood;acs_year;total_population;median_household_income;median_gross_rent;poverty_below;poverty_universe_total;bachelor_degree_count;education_universe_total;vacant_housing_units;total_housing_units;crime_index;crime_rate_raw;parcel_count;yrbuilt_count;pre1940_count;pre1960_count;total_resunits;residential_count;total_area_sqft;high_risk_commercial_area_sqft
05095158;2005-12-17;2005-12-17 13:22:47;2005-12-17 13:26:50;Potrero Hill;B10;730 - System malfunction, other;1;4;0;1;0;0;;0.0;4.05;2005;12;13;5;1;0;Potrero Hill;2009;3501.0;119797;1890;117.0;3501.0;0.0;0.0;76.0;1922.0;;;2948;2623;1741;1983;7487.0;2374;23512977.162499327;2556093.17916258
18024268;2018-02-26;2018-02-26 10:46:20;2018-02-26 10:56:51;Tenderloin;B04;522 Water or steam leak;2;8;1;1;0;0;NA;0.0;10.516666666666667;2018;2;10;0;0;0;Tenderloin;2014;11507.0;20562;765;4076.0;11283.0;1992.0;9726.0;1090.0;7839.0;4.8827;1148.431;838;767;682;699;20084.0;415;6915450.999958961;787681.339408623
22167641;2022-12-26;2022-12-26 09:18:51;2022-12-26 09:21:52;South of Market;B03;151 Outside rubbish, trash or waste fire;3;10;0;1;0;0;NA;0.0;3.0166666666666666;2022;12;9;0;0;0;South Of Market;2021;24972.0;85183;1624;3907.0;24654.0;6942.0;20757.0;2250.0;15318.0;3.3068;474.531;1984;1725;1183;1330;17638.0;639;17922069.165378615;3975462.21846598
24000004;2024-01-01;2024-01-01 00:07:53;2024-01-01 00:11:46;South of Market;B03;561 Unauthorized burning;3;10;0;1;0;0;NA;0.0;3.8833333333333333;2024;1;0;0;0;1;South Of Market;2023;24698.0;120116;2181;4959.0;24387.0;6790.0;21201.0;2777.0;16074.0;3.1575;463.236;1984;1725;1183;1330;17638.0;639;17922069.165378615;3975462.21846598
20000006;2020-01-01;2020-01-01 00:09:03;2020-01-01 00:15:30;Mission;B06;150 Outside rubbish fire, other;1;4;0;1;0;0;NA;0.0;6.45;2020;1;0;2;0;1;Mission;2019;35045.0;130340;2000;3584.0;34485.0;9408.0;28176.0;1100.0;13283.0;2.0107;420.174;7339;6944;5931;6279;25369.0;5836;35309344.43523844;5005477.382824288
05095163;2005-12-17;2005-12-17 13:31:27;2005-12-17 13:34:26;Pacific Heights;B04;743 - Smoke detector, no fire, accidental;3;10;0;1;0;0;;0.0;2.9833333333333334;2005;12;13;5;1;0;Pacific Heights;2009;9993.0;112510;1692;519.0;9893.0;0.0;0.0;417.0;5637.0;;;3163;3059;2548;2744;15087.0;2846;15133028.741615564;436339.99526388
22167646;2022-12-26;2022-12-26 09:34:45;2022-12-26 09:39:24;Mission;B06;743 Smoke detector activation, no fire - unintentional;3;10;0;1;0;0;NA;0.0;4.65;2022;12;9;0;0;0;Mission;2021;57018.0;128489;2102;7228.0;56524.0;17473.0;46519.0;3265.0;26164.0;1.5283;219.317;7339;6944;5931;6279;25369.0;5836;35309344.43523844;5005477.382824288
18024274;2018-02-26;2018-02-26 10:58:10;2018-02-26 11:03:01;Chinatown;B01;700 False alarm or false call, other;2;9;0;1;0;0;NA;0.0;4.85;2018;2;10;0;0;0;Chinatown;2014;4798.0;23961;722;1292.0;4769.0;708.0;3656.0;145.0;2353.0;2.1825;513.339;1005;946;846;872;8076.0;584;4062467.545265171;353139.634978812
24000005;2024-01-01;2024-01-01 00:09:21;2024-01-01 00:15:28;South of Market;B02;743 Smoke detector activation, no fire - unintentional;3;11;0;1;0;0;NA;0.0;6.116666666666666;2024;1;0;0;0;1;South Of Market;2023;24698.0;120116;2181;4959.0;24387.0;6790.0;21201.0;2777.0;16074.0;3.1575;463.236;1984;1725;1183;1330;17638.0;639;17922069.165378615;3975462.21846598
20000009;2020-01-01;2020-01-01 00:13:37;2020-01-01 00:18:53;Inner Sunset;B08;711 Municipal alarm system, malicious false alarm;2;9;0;1;0;0;NA;0.0;5.266666666666667;2020;1;0;2;0;1;Inner Sunset;2019;29539.0;136475;2364;2268.0;28766.0;10056.0;23947.0;716.0;12949.0;0.2496;52.168;6610;6414;3721;5139;12068.0;6250;29298615.223204397;415301.68786902097
24000010;2024-01-01;2024-01-01 00:18:36;2024-01-01 00:23:43;Hayes Valley;B05;700 False alarm or false call, other;1;4;0;1;0;0;NA;0.0;5.116666666666666;2024;1;0;0;0;1;Hayes Valley;2023;18240.0;133318;2541;1975.0;17955.0;6384.0;15463.0;1924.0;11340.0;1.373;201.425;1907;1768;1536;1578;10720.0;1580;9119576.392113175;320470.04341384
20000010;2020-01-01;2020-01-01 00:18:25;2020-01-01 00:28:19;Marina;B04;324 Motor vehicle accident with no injuries.;1;4;0;1;0;0;NA;0.0;9.9;2020;1;0;2;0;1;Marina;2019;16100.0;148914;2526;575.0;16008.0;7314.0;13722.0;651.0;9591.0;1.1431;238.882;4140;4028;3445;3728;14844.0;3667;19061019.96271947;691190.43714124
22167647;2022-12-26;2022-12-26 09:36:30;2022-12-26 09:44:49;Pacific Heights;B04;550 Public service assistance, other;2;9;0;1;0;0;NA;0.0;8.316666666666666;2022;12;9;0;0;0;Pacific Heights;2021;23895.0;179209;2732;1384.0;23475.0;8892.0;20206.0;2381.0;15231.0;0.6334;90.898;3163;3059;2548;2744;15087.0;2846;15133028.741615564;436339.99526388
05095167;2005-12-17;2005-12-17 13:50:17;2005-12-17 13:53:38;Financial District/South Beach;B01;730 - System malfunction, other;3;11;0;1;0;0;;0.0;3.35;2005;12;13;5;1;0;Financial District/South Beach;2009;3946.0;81993;1521;522.0;3946.0;0.0;0.0;612.0;3027.0;;;1232;1002;661;711;16452.0;164;22336746.81299536;1605340.129434689
18024275;2018-02-26;2018-02-26 10:58:56;2018-02-26 11:03:03;Presidio;B99;412 Gas leak (natural gas or LPG);3;10;0;1;0;0;NA;0.0;4.116666666666666;2018;2;10;0;0;0;Presidio;2014;3451.0;146000;2001;201.0;3443.0;1240.0;2453.0;99.0;1317.0;0.1072;25.21;34;25;21;23;194.0;25;65811868.5950404;0.0
22167650;2022-12-26;2022-12-26 09:40:46;2022-12-26 09:43:16;Presidio Heights;B05;735 Alarm system sounded due to malfunction;3;10;0;1;0;0;NA;0.0;2.5;2022;12;9;0;0;0;Presidio Heights;2021;10475.0;160481;2392;629.0;10441.0;3939.0;8236.0;501.0;5552.0;0.4863;69.785;2110;2044;1585;1877;5190.0;1908;9527729.349454287;221803.5619475
20000026;2020-01-01;2020-01-01 00:33:52;2020-01-01 00:39:10;Bayview Hunters Point;B10;150 Outside rubbish fire, other;1;4;0;1;0;0;NA;0.0;5.3;2020;1;0;2;0;1;Bayview Hunters Point;2019;37917.0;64881;1367;6717.0;37747.0;4910.0;26929.0;776.0;12701.0;0.954;199.356;9079;7590;3045;5305;11504.0;6692;132006461.54851584;13267553.77316572
24000014;2024-01-01;2024-01-01 00:32:29;2024-01-01 00:40:43;North Beach;B01;500 Service Call, other;1;4;0;1;0;0;NA;0.0;8.233333333333333;2024;1;0;0;0;1;North Beach;2023;11497.0;130293;2225;1147.0;11497.0;3239.0;9370.0;1498.0;7599.0;2.4314;356.702;1474;1352;1067;1167;6485.0;1136;10205305.035137417;535815.8314279229
18024279;2018-02-26;2018-02-26 11:08:08;2018-02-26 11:14:30;Bayview Hunters Point;B10;735 Alarm system sounded due to malfunction;3;10;0;1;0;0;NA;0.0;6.366666666666666;2018;2;11;0;0;0;Bayview Hunters Point;2014;37537.0;58112;1139;8419.0;37431.0;4074.0;24561.0;959.0;11922.0;0.8745;205.69;9079;7590;3045;5305;11504.0;6692;132006461.54851584;13267553.77316572
05095169;2005-12-17;2005-12-17 13:54:18;2005-12-17 13:55:55;Haight Ashbury;B05;444 - Power line down (wire);3;11;0;1;0;0;;0.0;1.6166666666666667;2005;12;13;5;1;0;Haight Ashbury;2009;4718.0;76019;1407;528.0;4718.0;0.0;0.0;293.0;2547.0;;;2876;2796;2538;2651;8702.0;2666;10986995.131011656;299610.76852043
05095172;2005-12-17;2005-12-17 14:11:10;2005-12-17 14:13:32;Financial District/South Beach;B03;442 - Overheated motor;3;10;0;1;0;0;;0.0;2.3666666666666667;2005;12;14;5;1;0;Financial District/South Beach;2009;3946.0;81993;1521;522.0;3946.0;0.0;0.0;612.0;3027.0;;;1232;1002;661;711;16452.0;164;22336746.81299536;1605340.129434689
18024284;2018-02-26;2018-02-26 11:16:33;2018-02-26 11:21:16;Financial District/South Beach;B01;730 System malfunction, other;3;11;0;1;0;0;NA;0.0;4.716666666666667;2018;2;11;0;0;0;Financial District/South Beach;2014;4153.0;83938;1639;479.0;4101.0;1323.0;3524.0;620.0;3147.0;11.2192;2638.815;1232;1002;661;711;16452.0;164;22336746.81299536;1605340.129434689
24000017;2024-01-01;2024-01-01 00:40:48;2024-01-01 00:46:06;Tenderloin;B02;621 Wrong location;1;5;0;1;0;0;NA;0.0;5.3;2024;1;0;0;0;1;Tenderloin;2023;32009.0;47965;1189;8414.0;31530.0;5918.0;27825.0;3152.0;21432.0;2.8499;418.101;838;767;682;699;20084.0;415;6915450.999958961;787681.339408623
20000027;2020-01-01;2020-01-01 00:34:01;2020-01-01 00:38:26;Bayview Hunters Point;B10;150 Outside rubbish fire, other;1;4;0;1;0;0;NA;0.0;4.416666666666667;2020;1;0;2;0;1;Bayview Hunters Point;2019;37917.0;64881;1367;6717.0;37747.0;4910.0;26929.0;776.0;12701.0;0.954;199.356;9079;7590;3045;5305;11504.0;6692;132006461.54851584;13267553.77316572
22167658;2022-12-26;2022-12-26 09:56:24;2022-12-26 09:59:31;South of Market;B03;151 Outside rubbish, trash or waste fire;1;4;0;1;0;0;NA;0.0;3.1166666666666667;2022;12;9;0;0;0;South Of Market;2021;24972.0;85183;1624;3907.0;24654.0;6942.0;20757.0;2250.0;15318.0;3.3068;474.531;1984;1725;1183;1330;17638.0;639;17922069.165378615;3975462.21846598
05095175;2005-12-17;2005-12-17 14:24:01;2005-12-17 14:32:26;Outer Richmond;B07;113 - Cooking fire, confined to container;3;10;0;1;0;0;;0.0;8.416666666666666;2005;12;14;5;1;0;Outer Richmond;2009;23056.0;70797;1327;1960.0;23056.0;0.0;0.0;662.0;9813.0;;;9568;9399;7227;8285;18402.0;9103;32744595.616565924;720267.288870773
22167681;2022-12-26;2022-12-26 10:52:01;2022-12-26 10:59:20;Potrero Hill;B03;600 Good intent call, other;1;4;0;1;0;0;NA;0.0;7.316666666666666;2022;12;10;0;0;0;Potrero Hill;2021;15089.0;203465;3065;953.0;15081.0;5441.0;12491.0;756.0;8043.0;1.0059;144.344;2948;2623;1741;1983;7487.0;2374;23512977.162499327;2556093.17916258
20000028;2020-01-01;2020-01-01 00:34:29;2020-01-01 00:39:30;Tenderloin;B02;711 Municipal alarm system, malicious false alarm;4;16;0;1;0;0;NA;0.0;5.016666666666667;2020;1;0;2;0;1;Tenderloin;2019;11685.0;32229;1018;3435.0;11510.0;2115.0;10224.0;941.0;8079.0;5.4893;1147.112;838;767;682;699;20084.0;415;6915450.999958961;787681.339408623
24000021;2024-01-01;2024-01-01 00:50:43;2024-01-01 00:55:54;Mission Bay;B03;743 Smoke detector activation, no fire - unintentional;3;11;0;1;0;0;NA;0.0;5.183333333333334;2024;1;0;0;0;1;Mission Bay;2023;16710.0;208398;3339;1110.0;16082.0;4220.0;13010.0;662.0;8138.0;0.8982;131.777;361;125;57;80;8458.0;38;19396422.078804985;1614160.25874428
18024294;2018-02-26;2018-02-26 11:29:54;2018-02-26 11:32:47;South of Market;B03;323 Motor vehicle/pedestrian accident (MV Ped);3;13;1;1;0;0;NA;0.0;2.8833333333333333;2018;2;11;0;0;0;South Of Market;2014;6298.0;72346;1170;1649.0;5654.0;1561.0;5638.0;484.0;4064.0;11.3385;2666.878;1984;1725;1183;1330;17638.0;639;17922069.165378615;3975462.21846598
18024298;2018-02-26;2018-02-26 11:44:03;2018-02-26 11:49:39;Financial District/South Beach;B03;353 Removal of victim(s) from stalled elevator;1;5;0;1;0;0;NA;0.0;5.6;2018;2;11;0;0;0;Financial District/South Beach;2014;4153.0;83938;1639;479.0;4101.0;1323.0;3524.0;620.0;3147.0;11.2192;2638.815;1232;1002;661;711;16452.0;164;22336746.81299536;1605340.129434689
24000024;2024-01-01;2024-01-01 00:53:29;2024-01-01 00:59:29;Tenderloin;B02;552 Police matter;1;5;0;1;0;0;NA;0.0;6.0;2024;1;0;0;0;1;Tenderloin;2023;32009.0;47965;1189;8414.0;31530.0;5918.0;27825.0;3152.0;21432.0;2.8499;418.101;838;767;682;699;20084.0;415;6915450.999958961;787681.339408623
05095176;2005-12-17;2005-12-17 14:26:13;2005-12-17 14:26:29;Outer Richmond;B07;113 - Cooking fire, confined to container;11;39;1;1;0;0;;0.0;0.26666666666666666;2005;12;14;5;1;0;Outer Richmond;2009;23056.0;70797;1327;1960.0;23056.0;0.0;0.0;662.0;9813.0;;;9568;9399;7227;8285;18402.0;9103;32744595.616565924;720267.288870773
20000031;2020-01-01;2020-01-01 00:38:49;2020-01-01 00:43:37;Bayview Hunters Point;B10;700 False alarm or false call, other;2;9;0;1;0;0;NA;0.0;4.8;2020;1;0;2;0;1;Bayview Hunters Point;2019;37917.0;64881;1367;6717.0;37747.0;4910.0;26929.0;776.0;12701.0;0.954;199.356;9079;7590;3045;5305;11504.0;6692;132006461.54851584;13267553.77316572
22167685;2022-12-26;2022-12-26 11:04:19;2022-12-26 11:06:58;Western Addition;B05;700 False alarm or false call, other;3;10;0;1;0;0;NA;0.0;2.65;2022;12;11;0;0;0;Western Addition;2021;21989.0;100911;1718;4216.0;21893.0;6622.0;18352.0;1650.0;13109.0;1.4321;205.512;1037;935;683;706;12487.0;800;10974477.754918382;456049.950788231
24000029;2024-01-01;2024-01-01 01:02:37;2024-01-01 01:05:11;Chinatown;B01;320 Emergency medical service incident, other;3;11;2;1;0;0;NA;0.0;2.566666666666667;2024;1;1;0;0;1;Chinatown;2023;12644.0;37973;907;3635.0;12607.0;1913.0;10558.0;1019.0;7428.0;1.1898;174.549;1005;946;846;872;8076.0;584;4062467.545265171;353139.634978812
22167686;2022-12-26;2022-12-26 11:08:00;2022-12-26 11:12:29;South of Market;B03;520 Water problem, other;1;5;0;1;0;0;NA;0.0;4.483333333333333;2022;12;11;0;0;0;South Of Market;2021;24972.0;85183;1624;3907.0;24654.0;6942.0;20757.0;2250.0;15318.0;3.3068;474.531;1984;1725;1183;1330;17638.0;639;17922069.165378615;3975462.21846598
18024302;2018-02-26;2018-02-26 11:48:21;2018-02-26 11:53:44;Tenderloin;B01;320 Emergency medical service incident, other;1;4;0;1;0;0;NA;0.0;5.383333333333334;2018;2;11;0;0;0;Tenderloin;2014;11507.0;20562;765;4076.0;11283.0;1992.0;9726.0;1090.0;7839.0;4.8827;1148.431;838;767;682;699;20084.0;415;6915450.999958961;787681.339408623
20000033;2020-01-01;2020-01-01 00:41:14;2020-01-01 00:46:19;Mission Bay;B03;700 False alarm or false call, other;1;4;0;1;0;0;NA;0.0;5.083333333333333;2020;1;0;2;0;1;Mission Bay;2019;;;;;;;;;;;;361;125;57;80;8458.0;38;19396422.078804985;1614160.25874428
05095178;2005-12-17;2005-12-17 14:30:34;2005-12-17 14:33:34;Pacific Heights;B04;743 - Smoke detector, no fire, accidental;3;10;0;1;0;0;;0.0;3.0;2005;12;14;5;1;0;Pacific Heights;2009;9993.0;112510;1692;519.0;9893.0;0.0;0.0;417.0;5637.0;;;3163;3059;2548;2744;15087.0;2846;15133028.741615564;436339.99526388
05095179;2005-12-17;2005-12-17 14:32:47;2005-12-17 14:37:28;Bayview Hunters Point;B10;745 - Alarm system sounded/no fire-accidental;3;10;0;1;0;0;;0.0;4.683333333333334;2005;12;14;5;1;0;Bayview Hunters Point;2009;29855.0;46395;982;5503.0;29653.0;0.0;0.0;891.0;9022.0;;;9079;7590;3045;5305;11504.0;6692;132006461.54851584;13267553.77316572
20000034;2020-01-01;2020-01-01 00:44:56;2020-01-01 00:51:50;Financial District/South Beach;B03;745 Alarm system activation, no fire - unintentional;3;10;0;1;0;0;NA;0.0;6.9;2020;1;0;2;0;1;Financial District/South Beach;2019;4569.0;107073;1814;802.0;4513.0;1536.0;3994.0;690.0;3490.0;12.2226;2554.169;1232;1002;661;711;16452.0;164;22336746.81299536;1605340.129434689
18024306;2018-02-26;2018-02-26 11:53:30;2018-02-26 11:57:04;Lone Mountain/USF;B07;321 EMS call, excluding vehicle accident with injury;1;5;1;1;0;0;NA;0.0;3.566666666666667;2018;2;11;0;0;0;Lone Mountain/Usf;2014;8802.0;82895;1552;1210.0;8654.0;2690.0;6746.0;216.0;3972.0;0.9414;221.427;2334;2260;1605;2037;6582.0;2151;11179656.492008898;498494.745960677
24000031;2024-01-01;2024-01-01 01:05:43;2024-01-01 01:11:29;Glen Park;B06;531 Smoke or odor removal;1;4;0;1;0;0;NA;0.0;5.766666666666667;2024;1;1;0;0;1;Glen Park;2023;8458.0;179045;2606;396.0;8429.0;2432.0;6469.0;299.0;3874.0;0.5948;87.255;2588;1655;1259;1468;3964.0;1736;14541004.947574008;218531.48022570895
22167691;2022-12-26;2022-12-26 11:18:51;2022-12-26 11:21:51;South of Market;B03;730 System malfunction, other;3;10;0;1;0;0;NA;0.0;3.0;2022;12;11;0;0;0;South Of Market;2021;24972.0;85183;1624;3907.0;24654.0;6942.0;20757.0;2250.0;15318.0;3.3068;474.531;1984;1725;1183;1330;17638.0;639;17922069.165378615;3975462.21846598
24000032;2024-01-01;2024-01-01 01:07:00;2024-01-01 01:12:05;Mission Bay;B03;735 Alarm system sounded due to malfunction;4;15;0;1;0;0;NA;0.0;5.083333333333333;2024;1;1;0;0;1;Mission Bay;2023;16710.0;208398;3339;1110.0;16082.0;4220.0;13010.0;662.0;8138.0;0.8982;131.777;361;125;57;80;8458.0;38;19396422.078804985;1614160.25874428
20000038;2020-01-01;2020-01-01 00:54:26;2020-01-01 00:59:46;Bayview Hunters Point;B10;150 Outside rubbish fire, other;3;10;0;1;0;0;NA;0.0;5.333333333333333;2020;1;0;2;0;1;Bayview Hunters Point;2019;37917.0;64881;1367;6717.0;37747.0;4910.0;26929.0;776.0;12701.0;0.954;199.356;9079;7590;3045;5305;11504.0;6692;132006461.54851584;13267553.77316572
05095182;2005-12-17;2005-12-17 14:44:29;2005-12-17 14:48:05;Financial District/South Beach;B03;730 - System malfunction, other;3;10;0;1;0;0;;0.0;3.6;2005;12;14;5;1;0;Financial District/South Beach;2009;3946.0;81993;1521;522.0;3946.0;0.0;0.0;612.0;3027.0;;;1232;1002;661;711;16452.0;164;22336746.81299536;1605340.129434689
22167700;2022-12-26;2022-12-26 11:36:50;2022-12-26 11:40:31;South of Market;B03;353 Removal of victim(s) from stalled elevator;1;5;0;1;0;0;NA;0.0;3.683333333333333;2022;12;11;0;0;0;South Of Market;2021;24972.0;85183;1624;3907.0;24654.0;6942.0;20757.0;2250.0;15318.0;3.3068;474.531;1984;1725;1183;1330;17638.0;639;17922069.165378615;3975462.21846598
18024312;2018-02-26;2018-02-26 12:11:40;2018-02-26 12:14:55;Castro/Upper Market;B05;730 System malfunction, other;3;10;0;1;0;0;NA;0.0;3.25;2018;2;12;0;0;0;Castro/Upper Market;2014;15656.0;115515;1808;1165.0;15570.0;5343.0;14007.0;780.0;9264.0;1.2655;297.649;4642;4432;3536;3899;11618.0;4239;16444864.1772685;556767.736190382
18024316;2018-02-26;2018-02-26 12:22:19;2018-02-26 12:26:33;Oceanview/Merced/Ingleside;B09;744 Detector activation, no fire - unintentional;3;11;0;1;0;0;NA;0.0;4.233333333333333;2018;2;12;0;0;0;Oceanview/Merced/Ingleside;2014;20815.0;75579;1699;3098.0;20713.0;3158.0;14872.0;274.0;6230.0;0.3289;77.348;6355;2848;1743;2618;6636.0;2931;19749005.94911125;357371.67210122
22167707;2022-12-26;2022-12-26 12:12:31;2022-12-26 12:14:26;Western Addition;B05;113 Cooking fire, confined to container;3;10;0;1;0;0;NA;0.0;1.9166666666666667;2022;12;12;0;0;0;Western Addition;2021;21989.0;100911;1718;4216.0;21893.0;6622.0;18352.0;1650.0;13109.0;1.4321;205.512;1037;935;683;706;12487.0;800;10974477.754918382;456049.950788231
24000040;2024-01-01;2024-01-01 01:16:27;2024-01-01 01:34:31;Financial District/South Beach;B03;353 Removal of victim(s) from stalled elevator;1;5;0;1;0;0;NA;0.0;18.066666666666666;2024;1;1;0;0;1;Financial District/South Beach;2023;24519.0;190545;3130;2158.0;24358.0;7591.0;20728.0;3314.0;17123.0;2.003;293.854;1232;1002;661;711;16452.0;164;22336746.81299536;1605340.129434689
05095184;2005-12-17;2005-12-17 15:04:31;2005-12-17 15:06:44;Tenderloin;B04;745 - Alarm system sounded/no fire-accidental;3;11;0;1;0;0;;0.0;2.216666666666667;2005;12;15;5;1;0;Tenderloin;2009;;;;;;;;;;;;838;767;682;699;20084.0;415;6915450.999958961;787681.339408623
20000041;2020-01-01;2020-01-01 00:59:00;2020-01-01 01:03:37;Presidio Heights;B07;600 Good intent call, other;1;4;0;1;0;0;NA;0.0;4.616666666666666;2020;1;0;2;0;1;Presidio Heights;2019;4634.0;166103;1762;485.0;4599.0;1397.0;3372.0;142.0;2111.0;0.8427;176.09;2110;2044;1585;1877;5190.0;1908;9527729.349454287;221803.5619475
24000046;2024-01-01;2024-01-01 01:22:48;2024-01-01 01:27:54;Chinatown;B01;320 Emergency medical service incident, other;1;4;1;1;0;0;NA;0.0;5.1;2024;1;1;0;0;1;Chinatown;2023;12644.0;37973;907;3635.0;12607.0;1913.0;10558.0;1019.0;7428.0;1.1898;174.549;1005;946;846;872;8076.0;584;4062467.545265171;353139.634978812
22167717;2022-12-26;2022-12-26 12:36:10;2022-12-26 12:41:37;Bernal Heights;B10;700 False alarm or false call, other;3;10;0;1;0;0;NA;0.0;5.45;2022;12;12;0;0;0;Bernal Heights;2021;25325.0;152701;2123;1839.0;25215.0;6214.0;19923.0;952.0;10040.0;0.7595;108.983;6769;6285;4339;5383;8715.0;6115;20739547.505492706;834632.4964782239
18024332;2018-02-26;2018-02-26 13:07:29;2018-02-26 13:10:53;Pacific Heights;B04;745 Alarm system activation, no fire - unintentional;3;10;0;1;0;0;NA;0.0;3.4;2018;2;13;0;0;0;Pacific Heights;2014;15836.0;116465;1922;765.0;15516.0;6195.0;13735.0;846.0;9813.0;0.6967;163.867;3163;3059;2548;2744;15087.0;2846;15133028.741615564;436339.99526388
05095187;2005-12-17;2005-12-17 15:07:05;2005-12-17 15:11:23;Potrero Hill;B10;311 - Medical assist, assist EMS crew;1;4;0;1;0;0;;0.0;4.3;2005;12;15;5;1;0;Potrero Hill;2009;3501.0;119797;1890;117.0;3501.0;0.0;0.0;76.0;1922.0;;;2948;2623;1741;1983;7487.0;2374;23512977.162499327;2556093.17916258
20000044;2020-01-01;2020-01-01 01:03:51;2020-01-01 01:08:12;Tenderloin;B02;735 Alarm system sounded due to malfunction;3;11;0;1;0;0;NA;0.0;4.35;2020;1;1;2;0;1;Tenderloin;2019;11685.0;32229;1018;3435.0;11510.0;2115.0;10224.0;941.0;8079.0;5.4893;1147.112;838;767;682;699;20084.0;415;6915450.999958961;787681.339408623
24000047;2024-01-01;2024-01-01 01:28:16;2024-01-01 01:34:54;Pacific Heights;B04;651 Smoke scare, odor of smoke;1;4;0;1;0;0;NA;0.0;6.633333333333334;2024;1;1;0;0;1;Pacific Heights;2023;22976.0;197067;3049;1156.0;22601.0;9206.0;19559.0;2451.0;15299.0;0.6746;98.973;3163;3059;2548;2744;15087.0;2846;15133028.741615564;436339.99526388
05095189;2005-12-17;2005-12-17 15:11:01;2005-12-17 15:15:14;Potrero Hill;B10;700 - False alarm or false call, other;9;30;0;1;0;0;;0.0;4.216666666666667;2005;12;15;5;1;0;Potrero Hill;2009;3501.0;119797;1890;117.0;3501.0;0.0;0.0;76.0;1922.0;;;2948;2623;1741;1983;7487.0;2374;23512977.162499327;2556093.17916258
18024334;2018-02-26;2018-02-26 13:12:51;2018-02-26 13:15:57;Bayview Hunters Point;B10;322 Motor vehicle accident with injuries;4;14;5;1;0;0;NA;0.0;3.1;2018;2;13;0;0;0;Bayview Hunters Point;2014;37537.0;58112;1139;8419.0;37431.0;4074.0;24561.0;959.0;11922.0;0.8745;205.69;9079;7590;3045;5305;11504.0;6692;132006461.54851584;13267553.77316572
22167718;2022-12-26;2022-12-26 12:36:31;2022-12-26 12:48:46;Portola;B10;300 Rescue, EMS incident, other;1;4;1;1;0;0;NA;0.0;12.25;2022;12;12;0;0;0;Portola;2021;15965.0;108595;2140;1449.0;15891.0;2424.0;12374.0;209.0;5079.0;0.6224;89.32;3886;3747;1370;2893;4373.0;3651;16272726.629967185;279929.66771326
20000058;2020-01-01;2020-01-01 01:35:47;2020-01-01 01:37:55;Nob Hill;B04;150 Outside rubbish fire, other;1;5;0;1;0;0;NA;0.0;2.1333333333333333;2020;1;1;2;0;1;Nob Hill;2019;17637.0;100708;1917;1823.0;16763.0;5747.0;14624.0;1450.0;11110.0;1.1132;232.636;1686;1626;1433;1484;17512.0;1400;7612553.622910589;561471.563747047
22167728;2022-12-26;2022-12-26 12:49:20;2022-12-26 12:55:10;Tenderloin;B03;520 Water problem, other;1;5;0;1;0;0;NA;0.0;5.833333333333333;2022;12;12;0;0;0;Tenderloin;2021;31118.0;44084;1190;7055.0;30492.0;6370.0;25816.0;2770.0;20903.0;2.8432;407.995;838;767;682;699;20084.0;415;6915450.999958961;787681.339408623
24000050;2024-01-01;2024-01-01 01:35:29;2024-01-01 01:42:44;North Beach;B01;150 Outside rubbish fire, other;3;10;0;1;0;0;NA;0.0;7.25;2024;1;1;0;0;1;North Beach;2023;11497.0;130293;2225;1147.0;11497.0;3239.0;9370.0;1498.0;7599.0;2.4314;356.702;1474;1352;1067;1167;6485.0;1136;10205305.035137417;535815.8314279229
18024341;2018-02-26;2018-02-26 13:30:14;2018-02-26 13:32:30;Castro/Upper Market;B05;311 Medical assist, assist EMS crew;4;15;2;1;0;0;NA;0.0;2.2666666666666666;2018;2;13;0;0;0;Castro/Upper Market;2014;15656.0;115515;1808;1165.0;15570.0;5343.0;14007.0;780.0;9264.0;1.2655;297.649;4642;4432;3536;3899;11618.0;4239;16444864.1772685;556767.736190382
20000090;2020-01-01;2020-01-01 02:10:58;2020-01-01 02:15:27;Japantown;B04;150 Outside rubbish fire, other;1;4;0;1;0;0;NA;0.0;4.483333333333333;2020;1;2;2;0;1;Japantown;2019;3551.0;79783;1470;372.0;3507.0;798.0;3148.0;269.0;2535.0;1.6912;353.422;231;213;122;129;3095.0;113;2366336.9829937057;223380.26237899592
05095194;2005-12-17;2005-12-17 15:41:20;2005-12-17 15:45:41;Mission;B02;111 - Building fire;3;11;0;1;0;0;2;500.0;4.35;2005;12;15;5;1;0;Mission;2009;33928.0;69039;1273;3790.0;33656.0;0.0;0.0;705.0;12202.0;;;7339;6944;5931;6279;25369.0;5836;35309344.43523844;5005477.382824288
24000051;2024-01-01;2024-01-01 01:36:55;2024-01-01 01:44:42;North Beach;B01;1600 Tent/Encampment fire;1;4;0;1;0;0;NA;0.0;7.783333333333333;2024;1;1;0;0;1;North Beach;2023;11497.0;130293;2225;1147.0;11497.0;3239.0;9370.0;1498.0;7599.0;2.4314;356.702;1474;1352;1067;1167;6485.0;1136;10205305.035137417;535815.8314279229
18024349;2018-02-26;2018-02-26 13:44:16;2018-02-26 13:48:23;Outer Mission;B09;745 Alarm system activation, no fire - unintentional;3;11;0;1;0;0;NA;0.0;4.116666666666666;2018;2;13;0;0;0;Outer Mission;2014;7047.0;60469;1342;678.0;6997.0;971.0;5056.0;10.0;1997.0;1.1584;272.456;5436;3285;2533;3023;5725.0;3208;20100048.402943444;492167.405704746
20000094;2020-01-01;2020-01-01 02:20:47;2020-01-01 02:25:11;Marina;B04;322 Motor vehicle accident with injuries;1;4;0;1;0;0;NA;0.0;4.4;2020;1;2;2;0;1;Marina;2019;16100.0;148914;2526;575.0;16008.0;7314.0;13722.0;651.0;9591.0;1.1431;238.882;4140;4028;3445;3728;14844.0;3667;19061019.96271947;691190.43714124
22167741;2022-12-26;2022-12-26 13:27:13;2022-12-26 13:30:31;Nob Hill;B01;113 Cooking fire, confined to container;8;29;1;1;0;0;NA;50.0;3.3;2022;12;13;0;0;0;Nob Hill;2021;25622.0;104858;1984;2747.0;24811.0;8864.0;22146.0;3181.0;17897.0;0.9484;136.094;1686;1626;1433;1484;17512.0;1400;7612553.622910589;561471.563747047
05095196;2005-12-17;2005-12-17 16:15:22;2005-12-17 16:19:01;Bernal Heights;B06;500 - Service Call, other;1;4;0;1;0;0;;0.0;3.65;2005;12;16;5;1;0;Bernal Heights;2009;26211.0;84604;1476;2285.0;26002.0;0.0;0.0;544.0;9712.0;;;6769;6285;4339;5383;8715.0;6115;20739547.505492706;834632.4964782239
24000054;2024-01-01;2024-01-01 01:44:19;2024-01-01 01:49:02;Russian Hill;B04;700 False alarm or false call, other;2;9;1;1;0;0;NA;0.0;4.716666666666667;2024;1;1;0;0;1;Russian Hill;2023;16879.0;159262;2853;1423.0;16871.0;6357.0;14919.0;1871.0;11537.0;1.2325;180.816;2199;2108;1732;1903;11438.0;1950;8758436.372319117;457713.3700193
05095202;2005-12-17;2005-12-17 17:05:27;2005-12-17 17:08:10;Chinatown;B01;730 - System malfunction, other;3;11;0;1;0;0;;0.0;2.716666666666667;2005;12;17;5;1;0;Chinatown;2009;5014.0;19367;552;1653.0;5014.0;0.0;0.0;206.0;2299.0;;;1005;946;846;872;8076.0;584;4062467.545265171;353139.634978812
20000095;2020-01-01;2020-01-01 02:24:34;2020-01-01 02:27:45;Russian Hill;B04;741 Sprinkler activation, no fire - unintentional;9;33;1;1;0;0;NA;6000.0;3.183333333333333;2020;1;2;2;0;1;Russian Hill;2019;4359.0;150972;2206;333.0;4359.0;1708.0;3837.0;409.0;2380.0;3.4691;724.937;2199;2108;1732;1903;11438.0;1950;8758436.372319117;457713.3700193
22167746;2022-12-26;2022-12-26 13:37:44;2022-12-26 13:43:02;Pacific Heights;B04;511 Lock-out;1;5;0;1;0;0;NA;0.0;5.3;2022;12;13;0;0;0;Pacific Heights;2021;23895.0;179209;2732;1384.0;23475.0;8892.0;20206.0;2381.0;15231.0;0.6334;90.898;3163;3059;2548;2744;15087.0;2846;15133028.741615564;436339.99526388
18024353;2018-02-26;2018-02-26 13:50:09;2018-02-26 13:52:38;Noe Valley;B06;440 Electrical  wiring/equipment problem, other;1;4;0;1;0;0;NA;0.0;2.4833333333333334;2018;2;13;0;0;0;Noe Valley;2014;22384.0;121369;1844;1332.0;22358.0;6320.0;18191.0;821.0;11643.0;0.261;61.383;5791;5241;4132;4662;11324.0;5202;18708101.690416567;239297.05518362
18024360;2018-02-26;2018-02-26 14:20:06;2018-02-26 14:24:43;Mission;B02;500 Service Call, other;2;9;1;1;0;0;NA;0.0;4.616666666666666;2018;2;14;0;0;0;Mission;2014;33652.0;77025;1526;5002.0;33129.0;7929.0;26289.0;876.0;12905.0;2.1662;509.509;7339;6944;5931;6279;25369.0;5836;35309344.43523844;5005477.382824288
22167756;2022-12-26;2022-12-26 14:03:58;2022-12-26 14:13:47;Sunset/Parkside;B08;311 Medical assist, assist EMS crew;1;4;1;1;0;0;NA;0.0;9.816666666666666;2022;12;14;0;0;0;Sunset/Parkside;2021;81209.0;132255;2538;5595.0;80706.0;23640.0;64118.0;1485.0;29094.0;0.3278;47.039;22319;20669;9008;19861;25996.0;20241;76208672.28087573;1238874.89979652
20000096;2020-01-01;2020-01-01 02:28:53;2020-01-01 02:34:45;Potrero Hill;B10;131 Passenger vehicle fire;2;9;0;1;0;0;NA;8000.0;5.866666666666666;2020;1;2;2;0;1;Potrero Hill;2019;8878.0;196593;2640;417.0;8861.0;3073.0;7316.0;453.0;4583.0;1.2192;254.787;2948;2623;1741;1983;7487.0;2374;23512977.162499327;2556093.17916258
24000058;2024-01-01;2024-01-01 01:55:14;2024-01-01 02:04:02;Treasure Island;B03;553 Public service;1;4;0;1;0;0;NA;0.0;8.8;2024;1;1;0;0;1;Treasure Island;2023;2829.0;91750;2538;1064.0;2750.0;518.0;1781.0;62.0;679.0;0.9782;143.514;192;0;0;0;0.0;0;54854572.20484596;0.0
05095203;2005-12-17;2005-12-17 17:11:25;2005-12-17 17:15:31;Tenderloin;B02;353 - Removal of victim(s) from stalled elev.;1;5;0;1;0;0;;0.0;4.1;2005;12;17;5;1;0;Tenderloin;2009;;;;;;;;;;;;838;767;682;699;20084.0;415;6915450.999958961;787681.339408623
20000097;2020-01-01;2020-01-01 02:29:55;2020-01-01 02:36:03;Castro/Upper Market;B06;700 False alarm or false call, other;3;10;0;1;0;0;NA;0.0;6.133333333333334;2020;1;2;2;0;1;Castro/Upper Market;2019;17311.0;163657;2256;1005.0;17259.0;6347.0;15112.0;929.0;9527.0;1.1104;232.049;4642;4432;3536;3899;11618.0;4239;16444864.1772685;556767.736190382
05095205;2005-12-17;2005-12-17 17:15:44;2005-12-17 17:20:27;Lakeshore;B08;440 - Elec. wiring/equip. problem, other;11;33;0;1;0;0;;0.0;4.716666666666667;2005;12;17;5;1;0;Lakeshore;2009;6046.0;50895;1452;1250.0;5049.0;0.0;0.0;121.0;2314.0;;;445;0;0;0;4117.0;126;74019501.46793301;961769.23924631
24000065;2024-01-01;2024-01-01 02:07:16;2024-01-01 02:12:00;Outer Mission;B09;150 Outside rubbish fire, other;1;4;0;1;0;0;NA;0.0;4.733333333333333;2024;1;2;0;0;1;Outer Mission;2023;21717.0;142931;2166;2006.0;21433.0;4570.0;16637.0;368.0;6668.0;0.58;85.095;5436;3285;2533;3023;5725.0;3208;20100048.402943444;492167.405704746
22167759;2022-12-26;2022-12-26 14:10:10;2022-12-26 14:18:15;Golden Gate Park;B07;481 Attempt to burn;1;4;0;1;0;0;NA;0.0;8.083333333333334;2022;12;14;0;0;0;Golden Gate Park;2021;25.0;149688;2694;0.0;25.0;10.0;25.0;0.0;17.0;512.3361;73520.0;6;3;3;3;31.0;1;44737903.94622949;7968.30115402
18024369;2018-02-26;2018-02-26 14:40:36;2018-02-26 14:43:35;North Beach;B01;744 Detector activation, no fire - unintentional;3;11;0;1;0;0;NA;0.0;2.9833333333333334;2018;2;14;0;0;0;North Beach;2014;3664.0;28750;981;1175.0;3664.0;777.0;3090.0;275.0;2116.0;5.4874;1290.666;1474;1352;1067;1167;6485.0;1136;10205305.035137417;535815.8314279229
20000116;2020-01-01;2020-01-01 02:57:59;2020-01-01 03:08:14;Financial District/South Beach;B03;500 Service Call, other;1;4;0;1;0;0;NA;0.0;10.25;2020;1;2;2;0;1;Financial District/South Beach;2019;4569.0;107073;1814;802.0;4513.0;1536.0;3994.0;690.0;3490.0;12.2226;2554.169;1232;1002;661;711;16452.0;164;22336746.81299536;1605340.129434689
24000066;2024-01-01;2024-01-01 02:09:08;2024-01-01 02:13:29;Castro/Upper Market;B05;700 False alarm or false call, other;3;10;0;1;0;0;NA;0.0;4.35;2024;1;2;0;0;1;Castro/Upper Market;2023;22024.0;203862;2663;1566.0;21956.0;8021.0;19145.0;1504.0;13056.0;0.8836;129.631;4642;4432;3536;3899;11618.0;4239;16444864.1772685;556767.736190382
18024371;2018-02-26;2018-02-26 14:50:05;2018-02-26 14:53:28;Pacific Heights;B04;324 Motor vehicle accident with no injuries.;4;15;1;1;0;0;NA;0.0;3.3833333333333333;2018;2;14;0;0;0;Pacific Heights;2014;15836.0;116465;1922;765.0;15516.0;6195.0;13735.0;846.0;9813.0;0.6967;163.867;3163;3059;2548;2744;15087.0;2846;15133028.741615564;436339.99526388
22167760;2022-12-26;2022-12-26 14:10:21;2022-12-26 14:14:36;Inner Sunset;B05;510 Person in distress, other;1;5;0;1;0;0;;0.0;4.25;2022;12;14;0;0;0;Inner Sunset;2021;28070.0;150017;2692;2385.0;27239.0;9570.0;22762.0;1061.0;13034.0;0.3282;47.097;6610;6414;3721;5139;12068.0;6250;29298615.223204397;415301.68786902097
05095210;2005-12-17;2005-12-17 17:32:33;2005-12-17 17:35:40;Potrero Hill;B10;511 - Lock-out;1;4;0;1;0;0;;0.0;3.1166666666666667;2005;12;17;5;1;0;Potrero Hill;2009;3501.0;119797;1890;117.0;3501.0;0.0;0.0;76.0;1922.0;;;2948;2623;1741;1983;7487.0;2374;23512977.162499327;2556093.17916258
05095211;2005-12-17;2005-12-17 17:33:15;2005-12-17 17:34:21;Lakeshore;B08;735 - Alarm system sounded due to malfunction;3;10;0;1;0;0;;0.0;1.1;2005;12;17;5;1;0;Lakeshore;2009;6046.0;50895;1452;1250.0;5049.0;0.0;0.0;121.0;2314.0;;;445;0;0;0;4117.0;126;74019501.46793301;961769.23924631
24000070;2024-01-01;2024-01-01 02:13:54;2024-01-01 02:16:57;Financial District/South Beach;B01;311 Medical assist, assist EMS crew;2;8;0;1;0;0;;0.0;3.05;2024;1;2;0;0;1;Financial District/South Beach;2023;24519.0;190545;3130;2158.0;24358.0;7591.0;20728.0;3314.0;17123.0;2.003;293.854;1232;1002;661;711;16452.0;164;22336746.81299536;1605340.129434689
20000118;2020-01-01;2020-01-01 03:01:54;2020-01-01 03:07:19;Excelsior;B09;500 Service Call, other;1;4;0;1;0;0;NA;0.0;5.416666666666667;2020;1;3;2;0;1;Excelsior;2019;39879.0;89857;1764;3448.0;39218.0;6448.0;30274.0;499.0;11475.0;0.2473;51.681;8510;8373;5065;7252;9269.0;8219;27241725.472731814;364498.40016867
22167770;2022-12-26;2022-12-26 14:36:29;2022-12-26 14:40:15;Mission;B06;150 Outside rubbish fire, other;1;4;0;1;0;0;NA;0.0;3.7666666666666666;2022;12;14;0;0;0;Mission;2021;57018.0;128489;2102;7228.0;56524.0;17473.0;46519.0;3265.0;26164.0;1.5283;219.317;7339;6944;5931;6279;25369.0;5836;35309344.43523844;5005477.382824288
18024375;2018-02-26;2018-02-26 15:11:51;2018-02-26 15:14:52;Tenderloin;B04;700 False alarm or false call, other;3;10;0;1;0;0;NA;0.0;3.0166666666666666;2018;2;15;0;0;0;Tenderloin;2014;11507.0;20562;765;4076.0;11283.0;1992.0;9726.0;1090.0;7839.0;4.8827;1148.431;838;767;682;699;20084.0;415;6915450.999958961;787681.339408623
